{
    "name": "True Friends",
    "version": "0.0.4",
    "flow": [
        {
            "stage" : "IntroStage",
            "repeats": 0
        },
        {
            "stage" : "GameStage",
            "repeats": 8
        },
        {
            "stage": "OutroStage",
            "repeats": 0
        }
    ],
    "stages": [
        { "src": "stages/IntroStage/meta.json" },
        { "src": "stages/GameStage/meta.json" },
        { "src": "stages/OutroStage/meta.json" }

    ],
    "resources": [
        {
            "name": "qdata", 
            "src": "resources/pack_01.json"
        }
    ],
    "model": {
        "clientScore": {}
    }
}